{"cameraMode":{"drawMode":0,"name":"Shaded","section":"Shading Mode"},"sceneLighting":true,"audioPlay":false,"sceneViewState":{"m_AlwaysRefresh":true,"showFog":true,"showSkybox":true,"showFlares":true,"showImageEffects":true,"showParticleSystems":true,"showVisualEffectGraphs":true,"m_FxEnabled":true},"in2DMode":false,"pivot":{"x":19.932804107666017,"y":1.1343036890029908,"z":21.33224868774414},"rotation":{"x":-0.38855764269828799,"y":-0.08358548581600189,"z":0.03541446849703789,"w":-0.9169548153877258},"size":4.3491291999816898,"orthographic":false}