{"cameraMode":{"drawMode":0,"name":"Shaded","section":"Shading Mode"},"sceneLighting":true,"audioPlay":false,"sceneViewState":{"m_AlwaysRefresh":true,"showFog":true,"showSkybox":true,"showFlares":true,"showImageEffects":true,"showParticleSystems":true,"showVisualEffectGraphs":true,"m_FxEnabled":true},"in2DMode":false,"pivot":{"x":3.1328814029693605,"y":14.10488510131836,"z":-3.860445737838745},"rotation":{"x":0.030886417254805566,"y":-0.9496631026268005,"z":0.29565051198005679,"w":0.0992247685790062},"size":9.553316116333008,"orthographic":false}